{"abbr": true, "lookForMin": false, "correct": 90, "partial": 2, "missing": 7, "spurious": 294, "incorrect": 0, "precision": 0.23697916666666666, "recall": 0.9381443298969072, "f1": 0.37837837837837834}