{"abbr": false, "lookForMin": false, "correct": 12, "partial": 0, "missing": 97, "spurious": 10, "incorrect": 0, "precision": 0.5454545454545454, "recall": 0.11009174311926606, "f1": 0.183206106870229}