{"abbr": true, "lookForMin": true, "correct": 11, "partial": 0, "missing": 96, "spurious": 0, "incorrect": 0, "precision": 1.0, "recall": 0.102803738317757, "f1": 0.1864406779661017}