{"correct": 267, "incorrect": 18, "missing": 131, "spurious": 87, "emails": 20, "ocr": 0, "context": 0, "other": 18, "precision": 0.717741935483871, "recall": 0.6418269230769231, "f1": 0.6776649746192894}