{"correct": 222, "incorrect": 89, "missing": 88, "spurious": 102, "emails": 0, "ocr": 0, "context": 0, "other": 0, "precision": 0.5375302663438256, "recall": 0.556390977443609, "f1": 0.5467980295566501}